sequence_name,editseq,log
seq0,TACAGCTGGGTCTGACCTCTGAGTCCAGGGTCAGGTGATTTTGCTTAGCCTCAAGTGCTCAGATTCTGCTGATATTTTGCAAGACCTGGACTCTCTTGACACCCAGGATTCTTTCCTCAGGGGACATGCTGCCTATAGTTCTGCAGTTAACATCCTCCTTGGCCATGGCACCAGGGTCGGAGCCACGTACTTCATGACCTACCACACCGTGCTGCAGACCTCTGCTGACTTTATTGACGCTCTGAAGAAAGCCCG(A/T)CTTATAGCCAGTAATGTCACCGAAACCATGGGCATTAACGGCAGTGCCTACCGAGTATTTCCTTACAGGTAAAGCCTGCCCTTTTTCAATGGGGTTTACCCAGCAAAGGGCCTACACTGGGTGGGAGTGGGGAGGGTTCCCTTGGCAAGATGCTGATTTTCAGGTTGGGTTCTGGCCCCTGCTCCATT,Prediction successful!
seq1,TACAGCTGGGTCTGACCTCTGAGTCCAGGGTCAGGTGATTTTGCTTAGCCTCAAGTGCTCAGATTCTGCTGATATTTTGCAAGACCTGGACTCTCTTGACACCCAGGATTCTTTCCTCAGGGGACATGCTGCCTATAGTTCTGCAGTTAACATCCTCCTTGGCCATGGCACCAGGGTCGGAGCCACGTACTTCATGACCTACCACACCGTGCTGCAGACCTCTGCTGACTTTATTGACGCTCTGAAGAAAGCCCG(A/C)CTTATAGCCAGTAATGTCACCGAAACCATGGGCATTAACGGCAGTGCCTACCGAGTATTTCCTTACAGGTAAAGCCTGCCCTTTTTCAATGGGGTTTACCCAGCAAAGGGCCTACACTGGGTGGGAGTGGGGAGGGTTCCCTTGGCAAGATGCTGATTTTCAGGTTGGGTTCTGGCCCCTGCTCCATT,Prediction successful!
seq2,TACAGCTGGGTCTGACCTCTGAGTCCAGGGTCAGGTGATTTTGCTTAGCCTCAAGTGCTCAGATTCTGCTGATATTTTGCAAGACCTGGACTCTCTTGACACCCAGGATTCTTTCCTCAGGGGACATGCTGCCTATAGTTCTGCAGTTAACATCCTCCTTGGCCATGGCACCAGGGTCGGAGCCACGTACTTCATGACCTACCACACCGTGCTGCAGACCTCTGCTGACTTTATTGACGCTCTGAAGAAAGCCCG(A/G)CTTATAGCCAGTAATGTCACCGAAACCATGGGCATTAACGGCAGTGCCTACCGAGTATTTCCTTACAGGTAAAGCCTGCCCTTTTTCAATGGGGTTTACCCAGCAAAGGGCCTACACTGGGTGGGAGTGGGGAGGGTTCCCTTGGCAAGATGCTGATTTTCAGGTTGGGTTCTGGCCCCTGCTCCATT,Prediction successful!
seq3,TACAGCTGGGTCTGACCTCTGAGTCCAGGGTCAGGTGATTTTGCTTAGCCTCAAGTGCTCAGATTCTGCTGATATTTTGCAAGACCTGGACTCTCTTGACACCCAGGATTCTTTCCTCAGGGGACATGCTGCCTATAGTTCTGCAGTTAACATCCTCCTTGGCCATGGCACCAGGGTCGGAGCCACGTACTTCATGACCTACCACACCGTGCTGCAGACCTCTGCTGACTTTATTGACGCTCTGAAGAAAGCCCGA(C/A)TTATAGCCAGTAATGTCACCGAAACCATGGGCATTAACGGCAGTGCCTACCGAGTATTTCCTTACAGGTAAAGCCTGCCCTTTTTCAATGGGGTTTACCCAGCAAAGGGCCTACACTGGGTGGGAGTGGGGAGGGTTCCCTTGGCAAGATGCTGATTTTCAGGTTGGGTTCTGGCCCCTGCTCCATT,Prediction successful!
seq4,TACAGCTGGGTCTGACCTCTGAGTCCAGGGTCAGGTGATTTTGCTTAGCCTCAAGTGCTCAGATTCTGCTGATATTTTGCAAGACCTGGACTCTCTTGACACCCAGGATTCTTTCCTCAGGGGACATGCTGCCTATAGTTCTGCAGTTAACATCCTCCTTGGCCATGGCACCAGGGTCGGAGCCACGTACTTCATGACCTACCACACCGTGCTGCAGACCTCTGCTGACTTTATTGACGCTCTGAAGAAAGCCCGA(C/T)TTATAGCCAGTAATGTCACCGAAACCATGGGCATTAACGGCAGTGCCTACCGAGTATTTCCTTACAGGTAAAGCCTGCCCTTTTTCAATGGGGTTTACCCAGCAAAGGGCCTACACTGGGTGGGAGTGGGGAGGGTTCCCTTGGCAAGATGCTGATTTTCAGGTTGGGTTCTGGCCCCTGCTCCATT,Prediction successful!
seq5,TACAGCTGGGTCTGACCTCTGAGTCCAGGGTCAGGTGATTTTGCTTAGCCTCAAGTGCTCAGATTCTGCTGATATTTTGCAAGACCTGGACTCTCTTGACACCCAGGATTCTTTCCTCAGGGGACATGCTGCCTATAGTTCTGCAGTTAACATCCTCCTTGGCCATGGCACCAGGGTCGGAGCCACGTACTTCATGACCTACCACACCGTGCTGCAGACCTCTGCTGACTTTATTGACGCTCTGAAGAAAGCCCGA(C/G)TTATAGCCAGTAATGTCACCGAAACCATGGGCATTAACGGCAGTGCCTACCGAGTATTTCCTTACAGGTAAAGCCTGCCCTTTTTCAATGGGGTTTACCCAGCAAAGGGCCTACACTGGGTGGGAGTGGGGAGGGTTCCCTTGGCAAGATGCTGATTTTCAGGTTGGGTTCTGGCCCCTGCTCCATT,Prediction successful!
seq6,TACAGCTGGGTCTGACCTCTGAGTCCAGGGTCAGGTGATTTTGCTTAGCCTCAAGTGCTCAGATTCTGCTGATATTTTGCAAGACCTGGACTCTCTTGACACCCAGGATTCTTTCCTCAGGGGACATGCTGCCTATAGTTCTGCAGTTAACATCCTCCTTGGCCATGGCACCAGGGTCGGAGCCACGTACTTCATGACCTACCACACCGTGCTGCAGACCTCTGCTGACTTTATTGACGCTCTGAAGAAAGCCCGAC(T/A)TATAGCCAGTAATGTCACCGAAACCATGGGCATTAACGGCAGTGCCTACCGAGTATTTCCTTACAGGTAAAGCCTGCCCTTTTTCAATGGGGTTTACCCAGCAAAGGGCCTACACTGGGTGGGAGTGGGGAGGGTTCCCTTGGCAAGATGCTGATTTTCAGGTTGGGTTCTGGCCCCTGCTCCATT,Prediction successful!
seq7,TACAGCTGGGTCTGACCTCTGAGTCCAGGGTCAGGTGATTTTGCTTAGCCTCAAGTGCTCAGATTCTGCTGATATTTTGCAAGACCTGGACTCTCTTGACACCCAGGATTCTTTCCTCAGGGGACATGCTGCCTATAGTTCTGCAGTTAACATCCTCCTTGGCCATGGCACCAGGGTCGGAGCCACGTACTTCATGACCTACCACACCGTGCTGCAGACCTCTGCTGACTTTATTGACGCTCTGAAGAAAGCCCGAC(T/C)TATAGCCAGTAATGTCACCGAAACCATGGGCATTAACGGCAGTGCCTACCGAGTATTTCCTTACAGGTAAAGCCTGCCCTTTTTCAATGGGGTTTACCCAGCAAAGGGCCTACACTGGGTGGGAGTGGGGAGGGTTCCCTTGGCAAGATGCTGATTTTCAGGTTGGGTTCTGGCCCCTGCTCCATT,Prediction successful!
seq8,TACAGCTGGGTCTGACCTCTGAGTCCAGGGTCAGGTGATTTTGCTTAGCCTCAAGTGCTCAGATTCTGCTGATATTTTGCAAGACCTGGACTCTCTTGACACCCAGGATTCTTTCCTCAGGGGACATGCTGCCTATAGTTCTGCAGTTAACATCCTCCTTGGCCATGGCACCAGGGTCGGAGCCACGTACTTCATGACCTACCACACCGTGCTGCAGACCTCTGCTGACTTTATTGACGCTCTGAAGAAAGCCCGAC(T/G)TATAGCCAGTAATGTCACCGAAACCATGGGCATTAACGGCAGTGCCTACCGAGTATTTCCTTACAGGTAAAGCCTGCCCTTTTTCAATGGGGTTTACCCAGCAAAGGGCCTACACTGGGTGGGAGTGGGGAGGGTTCCCTTGGCAAGATGCTGATTTTCAGGTTGGGTTCTGGCCCCTGCTCCATT,Prediction successful!
seq9,TACAGCTGGGTCTGACCTCTGAGTCCAGGGTCAGGTGATTTTGCTTAGCCTCAAGTGCTCAGATTCTGCTGATATTTTGCAAGACCTGGACTCTCTTGACACCCAGGATTCTTTCCTCAGGGGACATGCTGCCTATAGTTCTGCAGTTAACATCCTCCTTGGCCATGGCACCAGGGTCGGAGCCACGTACTTCATGACCTACCACACCGTGCTGCAGACCTCTGCTGACTTTATTGACGCTCTGAAGAAAGCCCGACT(T/A)ATAGCCAGTAATGTCACCGAAACCATGGGCATTAACGGCAGTGCCTACCGAGTATTTCCTTACAGGTAAAGCCTGCCCTTTTTCAATGGGGTTTACCCAGCAAAGGGCCTACACTGGGTGGGAGTGGGGAGGGTTCCCTTGGCAAGATGCTGATTTTCAGGTTGGGTTCTGGCCCCTGCTCCATT,Prediction successful!
seq10,TACAGCTGGGTCTGACCTCTGAGTCCAGGGTCAGGTGATTTTGCTTAGCCTCAAGTGCTCAGATTCTGCTGATATTTTGCAAGACCTGGACTCTCTTGACACCCAGGATTCTTTCCTCAGGGGACATGCTGCCTATAGTTCTGCAGTTAACATCCTCCTTGGCCATGGCACCAGGGTCGGAGCCACGTACTTCATGACCTACCACACCGTGCTGCAGACCTCTGCTGACTTTATTGACGCTCTGAAGAAAGCCCGACT(T/C)ATAGCCAGTAATGTCACCGAAACCATGGGCATTAACGGCAGTGCCTACCGAGTATTTCCTTACAGGTAAAGCCTGCCCTTTTTCAATGGGGTTTACCCAGCAAAGGGCCTACACTGGGTGGGAGTGGGGAGGGTTCCCTTGGCAAGATGCTGATTTTCAGGTTGGGTTCTGGCCCCTGCTCCATT,Prediction successful!
seq11,TACAGCTGGGTCTGACCTCTGAGTCCAGGGTCAGGTGATTTTGCTTAGCCTCAAGTGCTCAGATTCTGCTGATATTTTGCAAGACCTGGACTCTCTTGACACCCAGGATTCTTTCCTCAGGGGACATGCTGCCTATAGTTCTGCAGTTAACATCCTCCTTGGCCATGGCACCAGGGTCGGAGCCACGTACTTCATGACCTACCACACCGTGCTGCAGACCTCTGCTGACTTTATTGACGCTCTGAAGAAAGCCCGACT(T/G)ATAGCCAGTAATGTCACCGAAACCATGGGCATTAACGGCAGTGCCTACCGAGTATTTCCTTACAGGTAAAGCCTGCCCTTTTTCAATGGGGTTTACCCAGCAAAGGGCCTACACTGGGTGGGAGTGGGGAGGGTTCCCTTGGCAAGATGCTGATTTTCAGGTTGGGTTCTGGCCCCTGCTCCATT,Prediction successful!
seq12,TACAGCTGGGTCTGACCTCTGAGTCCAGGGTCAGGTGATTTTGCTTAGCCTCAAGTGCTCAGATTCTGCTGATATTTTGCAAGACCTGGACTCTCTTGACACCCAGGATTCTTTCCTCAGGGGACATGCTGCCTATAGTTCTGCAGTTAACATCCTCCTTGGCCATGGCACCAGGGTCGGAGCCACGTACTTCATGACCTACCACACCGTGCTGCAGACCTCTGCTGACTTTATTGACGCTCTGAAGAAAGCCCGACTT(A/T)TAGCCAGTAATGTCACCGAAACCATGGGCATTAACGGCAGTGCCTACCGAGTATTTCCTTACAGGTAAAGCCTGCCCTTTTTCAATGGGGTTTACCCAGCAAAGGGCCTACACTGGGTGGGAGTGGGGAGGGTTCCCTTGGCAAGATGCTGATTTTCAGGTTGGGTTCTGGCCCCTGCTCCATT,Prediction successful!
seq13,TACAGCTGGGTCTGACCTCTGAGTCCAGGGTCAGGTGATTTTGCTTAGCCTCAAGTGCTCAGATTCTGCTGATATTTTGCAAGACCTGGACTCTCTTGACACCCAGGATTCTTTCCTCAGGGGACATGCTGCCTATAGTTCTGCAGTTAACATCCTCCTTGGCCATGGCACCAGGGTCGGAGCCACGTACTTCATGACCTACCACACCGTGCTGCAGACCTCTGCTGACTTTATTGACGCTCTGAAGAAAGCCCGACTT(A/C)TAGCCAGTAATGTCACCGAAACCATGGGCATTAACGGCAGTGCCTACCGAGTATTTCCTTACAGGTAAAGCCTGCCCTTTTTCAATGGGGTTTACCCAGCAAAGGGCCTACACTGGGTGGGAGTGGGGAGGGTTCCCTTGGCAAGATGCTGATTTTCAGGTTGGGTTCTGGCCCCTGCTCCATT,Prediction successful!
seq14,TACAGCTGGGTCTGACCTCTGAGTCCAGGGTCAGGTGATTTTGCTTAGCCTCAAGTGCTCAGATTCTGCTGATATTTTGCAAGACCTGGACTCTCTTGACACCCAGGATTCTTTCCTCAGGGGACATGCTGCCTATAGTTCTGCAGTTAACATCCTCCTTGGCCATGGCACCAGGGTCGGAGCCACGTACTTCATGACCTACCACACCGTGCTGCAGACCTCTGCTGACTTTATTGACGCTCTGAAGAAAGCCCGACTT(A/G)TAGCCAGTAATGTCACCGAAACCATGGGCATTAACGGCAGTGCCTACCGAGTATTTCCTTACAGGTAAAGCCTGCCCTTTTTCAATGGGGTTTACCCAGCAAAGGGCCTACACTGGGTGGGAGTGGGGAGGGTTCCCTTGGCAAGATGCTGATTTTCAGGTTGGGTTCTGGCCCCTGCTCCATT,Prediction successful!
