,editseq,sequence_name
0,TACAGCTGGGTCTGACCTCTGAGTCCAGGGTCAGGTGATTTTGCTTAGCCTCAAGTGCTCAGATTCTGCTGATATTTTGCAAGACCTGGACTCTCTTGACACCCAGGATTCTTTCCTCAGGGGACATGCTGCCTATAGTTCTGCAGTTAACATCCTCCTTGGCCATGGCACCAGGGTCGGAGCCACGTACTTCATGACCTACCACACCGTGCTGCAGACCTCTGCTGACTTTATTGACGCTCTGAAGAAAGCCCG(A/T)CTTATAGCCAGTAATGTCACCGAAACCATGGGCATTAACGGCAGTGCCTACCGAGTATTTCCTTACAGGTAAAGCCTGCCCTTTTTCAATGGGGTTTACCCAGCAAAGGGCCTACACTGGGTGGGAGTGGGGAGGGTTCCCTTGGCAAGATGCTGATTTTCAGGTTGGGTTCTGGCCCCTGCTCCATT,seq
1,TACAGCTGGGTCTGACCTCTGAGTCCAGGGTCAGGTGATTTTGCTTAGCCTCAAGTGCTCAGATTCTGCTGATATTTTGCAAGACCTGGACTCTCTTGACACCCAGGATTCTTTCCTCAGGGGACATGCTGCCTATAGTTCTGCAGTTAACATCCTCCTTGGCCATGGCACCAGGGTCGGAGCCACGTACTTCATGACCTACCACACCGTGCTGCAGACCTCTGCTGACTTTATTGACGCTCTGAAGAAAGCCCG(A/C)CTTATAGCCAGTAATGTCACCGAAACCATGGGCATTAACGGCAGTGCCTACCGAGTATTTCCTTACAGGTAAAGCCTGCCCTTTTTCAATGGGGTTTACCCAGCAAAGGGCCTACACTGGGTGGGAGTGGGGAGGGTTCCCTTGGCAAGATGCTGATTTTCAGGTTGGGTTCTGGCCCCTGCTCCATT,seq
2,TACAGCTGGGTCTGACCTCTGAGTCCAGGGTCAGGTGATTTTGCTTAGCCTCAAGTGCTCAGATTCTGCTGATATTTTGCAAGACCTGGACTCTCTTGACACCCAGGATTCTTTCCTCAGGGGACATGCTGCCTATAGTTCTGCAGTTAACATCCTCCTTGGCCATGGCACCAGGGTCGGAGCCACGTACTTCATGACCTACCACACCGTGCTGCAGACCTCTGCTGACTTTATTGACGCTCTGAAGAAAGCCCG(A/G)CTTATAGCCAGTAATGTCACCGAAACCATGGGCATTAACGGCAGTGCCTACCGAGTATTTCCTTACAGGTAAAGCCTGCCCTTTTTCAATGGGGTTTACCCAGCAAAGGGCCTACACTGGGTGGGAGTGGGGAGGGTTCCCTTGGCAAGATGCTGATTTTCAGGTTGGGTTCTGGCCCCTGCTCCATT,seq
3,TACAGCTGGGTCTGACCTCTGAGTCCAGGGTCAGGTGATTTTGCTTAGCCTCAAGTGCTCAGATTCTGCTGATATTTTGCAAGACCTGGACTCTCTTGACACCCAGGATTCTTTCCTCAGGGGACATGCTGCCTATAGTTCTGCAGTTAACATCCTCCTTGGCCATGGCACCAGGGTCGGAGCCACGTACTTCATGACCTACCACACCGTGCTGCAGACCTCTGCTGACTTTATTGACGCTCTGAAGAAAGCCCGA(C/A)TTATAGCCAGTAATGTCACCGAAACCATGGGCATTAACGGCAGTGCCTACCGAGTATTTCCTTACAGGTAAAGCCTGCCCTTTTTCAATGGGGTTTACCCAGCAAAGGGCCTACACTGGGTGGGAGTGGGGAGGGTTCCCTTGGCAAGATGCTGATTTTCAGGTTGGGTTCTGGCCCCTGCTCCATT,seq
4,TACAGCTGGGTCTGACCTCTGAGTCCAGGGTCAGGTGATTTTGCTTAGCCTCAAGTGCTCAGATTCTGCTGATATTTTGCAAGACCTGGACTCTCTTGACACCCAGGATTCTTTCCTCAGGGGACATGCTGCCTATAGTTCTGCAGTTAACATCCTCCTTGGCCATGGCACCAGGGTCGGAGCCACGTACTTCATGACCTACCACACCGTGCTGCAGACCTCTGCTGACTTTATTGACGCTCTGAAGAAAGCCCGA(C/T)TTATAGCCAGTAATGTCACCGAAACCATGGGCATTAACGGCAGTGCCTACCGAGTATTTCCTTACAGGTAAAGCCTGCCCTTTTTCAATGGGGTTTACCCAGCAAAGGGCCTACACTGGGTGGGAGTGGGGAGGGTTCCCTTGGCAAGATGCTGATTTTCAGGTTGGGTTCTGGCCCCTGCTCCATT,seq
5,TACAGCTGGGTCTGACCTCTGAGTCCAGGGTCAGGTGATTTTGCTTAGCCTCAAGTGCTCAGATTCTGCTGATATTTTGCAAGACCTGGACTCTCTTGACACCCAGGATTCTTTCCTCAGGGGACATGCTGCCTATAGTTCTGCAGTTAACATCCTCCTTGGCCATGGCACCAGGGTCGGAGCCACGTACTTCATGACCTACCACACCGTGCTGCAGACCTCTGCTGACTTTATTGACGCTCTGAAGAAAGCCCGA(C/G)TTATAGCCAGTAATGTCACCGAAACCATGGGCATTAACGGCAGTGCCTACCGAGTATTTCCTTACAGGTAAAGCCTGCCCTTTTTCAATGGGGTTTACCCAGCAAAGGGCCTACACTGGGTGGGAGTGGGGAGGGTTCCCTTGGCAAGATGCTGATTTTCAGGTTGGGTTCTGGCCCCTGCTCCATT,seq
6,TACAGCTGGGTCTGACCTCTGAGTCCAGGGTCAGGTGATTTTGCTTAGCCTCAAGTGCTCAGATTCTGCTGATATTTTGCAAGACCTGGACTCTCTTGACACCCAGGATTCTTTCCTCAGGGGACATGCTGCCTATAGTTCTGCAGTTAACATCCTCCTTGGCCATGGCACCAGGGTCGGAGCCACGTACTTCATGACCTACCACACCGTGCTGCAGACCTCTGCTGACTTTATTGACGCTCTGAAGAAAGCCCGAC(T/A)TATAGCCAGTAATGTCACCGAAACCATGGGCATTAACGGCAGTGCCTACCGAGTATTTCCTTACAGGTAAAGCCTGCCCTTTTTCAATGGGGTTTACCCAGCAAAGGGCCTACACTGGGTGGGAGTGGGGAGGGTTCCCTTGGCAAGATGCTGATTTTCAGGTTGGGTTCTGGCCCCTGCTCCATT,seq
7,TACAGCTGGGTCTGACCTCTGAGTCCAGGGTCAGGTGATTTTGCTTAGCCTCAAGTGCTCAGATTCTGCTGATATTTTGCAAGACCTGGACTCTCTTGACACCCAGGATTCTTTCCTCAGGGGACATGCTGCCTATAGTTCTGCAGTTAACATCCTCCTTGGCCATGGCACCAGGGTCGGAGCCACGTACTTCATGACCTACCACACCGTGCTGCAGACCTCTGCTGACTTTATTGACGCTCTGAAGAAAGCCCGAC(T/C)TATAGCCAGTAATGTCACCGAAACCATGGGCATTAACGGCAGTGCCTACCGAGTATTTCCTTACAGGTAAAGCCTGCCCTTTTTCAATGGGGTTTACCCAGCAAAGGGCCTACACTGGGTGGGAGTGGGGAGGGTTCCCTTGGCAAGATGCTGATTTTCAGGTTGGGTTCTGGCCCCTGCTCCATT,seq
8,TACAGCTGGGTCTGACCTCTGAGTCCAGGGTCAGGTGATTTTGCTTAGCCTCAAGTGCTCAGATTCTGCTGATATTTTGCAAGACCTGGACTCTCTTGACACCCAGGATTCTTTCCTCAGGGGACATGCTGCCTATAGTTCTGCAGTTAACATCCTCCTTGGCCATGGCACCAGGGTCGGAGCCACGTACTTCATGACCTACCACACCGTGCTGCAGACCTCTGCTGACTTTATTGACGCTCTGAAGAAAGCCCGAC(T/G)TATAGCCAGTAATGTCACCGAAACCATGGGCATTAACGGCAGTGCCTACCGAGTATTTCCTTACAGGTAAAGCCTGCCCTTTTTCAATGGGGTTTACCCAGCAAAGGGCCTACACTGGGTGGGAGTGGGGAGGGTTCCCTTGGCAAGATGCTGATTTTCAGGTTGGGTTCTGGCCCCTGCTCCATT,seq
9,TACAGCTGGGTCTGACCTCTGAGTCCAGGGTCAGGTGATTTTGCTTAGCCTCAAGTGCTCAGATTCTGCTGATATTTTGCAAGACCTGGACTCTCTTGACACCCAGGATTCTTTCCTCAGGGGACATGCTGCCTATAGTTCTGCAGTTAACATCCTCCTTGGCCATGGCACCAGGGTCGGAGCCACGTACTTCATGACCTACCACACCGTGCTGCAGACCTCTGCTGACTTTATTGACGCTCTGAAGAAAGCCCGACT(T/A)ATAGCCAGTAATGTCACCGAAACCATGGGCATTAACGGCAGTGCCTACCGAGTATTTCCTTACAGGTAAAGCCTGCCCTTTTTCAATGGGGTTTACCCAGCAAAGGGCCTACACTGGGTGGGAGTGGGGAGGGTTCCCTTGGCAAGATGCTGATTTTCAGGTTGGGTTCTGGCCCCTGCTCCATT,seq
10,TACAGCTGGGTCTGACCTCTGAGTCCAGGGTCAGGTGATTTTGCTTAGCCTCAAGTGCTCAGATTCTGCTGATATTTTGCAAGACCTGGACTCTCTTGACACCCAGGATTCTTTCCTCAGGGGACATGCTGCCTATAGTTCTGCAGTTAACATCCTCCTTGGCCATGGCACCAGGGTCGGAGCCACGTACTTCATGACCTACCACACCGTGCTGCAGACCTCTGCTGACTTTATTGACGCTCTGAAGAAAGCCCGACT(T/C)ATAGCCAGTAATGTCACCGAAACCATGGGCATTAACGGCAGTGCCTACCGAGTATTTCCTTACAGGTAAAGCCTGCCCTTTTTCAATGGGGTTTACCCAGCAAAGGGCCTACACTGGGTGGGAGTGGGGAGGGTTCCCTTGGCAAGATGCTGATTTTCAGGTTGGGTTCTGGCCCCTGCTCCATT,seq
11,TACAGCTGGGTCTGACCTCTGAGTCCAGGGTCAGGTGATTTTGCTTAGCCTCAAGTGCTCAGATTCTGCTGATATTTTGCAAGACCTGGACTCTCTTGACACCCAGGATTCTTTCCTCAGGGGACATGCTGCCTATAGTTCTGCAGTTAACATCCTCCTTGGCCATGGCACCAGGGTCGGAGCCACGTACTTCATGACCTACCACACCGTGCTGCAGACCTCTGCTGACTTTATTGACGCTCTGAAGAAAGCCCGACT(T/G)ATAGCCAGTAATGTCACCGAAACCATGGGCATTAACGGCAGTGCCTACCGAGTATTTCCTTACAGGTAAAGCCTGCCCTTTTTCAATGGGGTTTACCCAGCAAAGGGCCTACACTGGGTGGGAGTGGGGAGGGTTCCCTTGGCAAGATGCTGATTTTCAGGTTGGGTTCTGGCCCCTGCTCCATT,seq
12,TACAGCTGGGTCTGACCTCTGAGTCCAGGGTCAGGTGATTTTGCTTAGCCTCAAGTGCTCAGATTCTGCTGATATTTTGCAAGACCTGGACTCTCTTGACACCCAGGATTCTTTCCTCAGGGGACATGCTGCCTATAGTTCTGCAGTTAACATCCTCCTTGGCCATGGCACCAGGGTCGGAGCCACGTACTTCATGACCTACCACACCGTGCTGCAGACCTCTGCTGACTTTATTGACGCTCTGAAGAAAGCCCGACTT(A/T)TAGCCAGTAATGTCACCGAAACCATGGGCATTAACGGCAGTGCCTACCGAGTATTTCCTTACAGGTAAAGCCTGCCCTTTTTCAATGGGGTTTACCCAGCAAAGGGCCTACACTGGGTGGGAGTGGGGAGGGTTCCCTTGGCAAGATGCTGATTTTCAGGTTGGGTTCTGGCCCCTGCTCCATT,seq
13,TACAGCTGGGTCTGACCTCTGAGTCCAGGGTCAGGTGATTTTGCTTAGCCTCAAGTGCTCAGATTCTGCTGATATTTTGCAAGACCTGGACTCTCTTGACACCCAGGATTCTTTCCTCAGGGGACATGCTGCCTATAGTTCTGCAGTTAACATCCTCCTTGGCCATGGCACCAGGGTCGGAGCCACGTACTTCATGACCTACCACACCGTGCTGCAGACCTCTGCTGACTTTATTGACGCTCTGAAGAAAGCCCGACTT(A/C)TAGCCAGTAATGTCACCGAAACCATGGGCATTAACGGCAGTGCCTACCGAGTATTTCCTTACAGGTAAAGCCTGCCCTTTTTCAATGGGGTTTACCCAGCAAAGGGCCTACACTGGGTGGGAGTGGGGAGGGTTCCCTTGGCAAGATGCTGATTTTCAGGTTGGGTTCTGGCCCCTGCTCCATT,seq
14,TACAGCTGGGTCTGACCTCTGAGTCCAGGGTCAGGTGATTTTGCTTAGCCTCAAGTGCTCAGATTCTGCTGATATTTTGCAAGACCTGGACTCTCTTGACACCCAGGATTCTTTCCTCAGGGGACATGCTGCCTATAGTTCTGCAGTTAACATCCTCCTTGGCCATGGCACCAGGGTCGGAGCCACGTACTTCATGACCTACCACACCGTGCTGCAGACCTCTGCTGACTTTATTGACGCTCTGAAGAAAGCCCGACTT(A/G)TAGCCAGTAATGTCACCGAAACCATGGGCATTAACGGCAGTGCCTACCGAGTATTTCCTTACAGGTAAAGCCTGCCCTTTTTCAATGGGGTTTACCCAGCAAAGGGCCTACACTGGGTGGGAGTGGGGAGGGTTCCCTTGGCAAGATGCTGATTTTCAGGTTGGGTTCTGGCCCCTGCTCCATT,seq
